batch,acc,f1,precision,recall,zd_recall,known_attack_recall,fpr,n_accepted,n_added,label_precision,label_precision_normal,label_precision_attack,batch_pred_accuracy,zd_in_batch,zd_added_as_normal,zd_added_as_attack,zd_rejected,seconds
0,91.34722829519507,92.19715224534501,91.55934563174382,92.8439071737404,52.771362586605086,99.02979373567608,10.486486486486486,,,,,,,,,,,
1,91.31321964728174,91.98044448431297,93.53477765108323,90.47692579193506,39.82184097657539,98.29640947288006,7.662162162162161,2497.0,2784.0,93.53448275862068,85.286783042394,99.81024667931689,97.77298850574712,0.0,0.0,0.0,0.0,2.4133036136627197
2,91.39216829422338,92.0228272982069,93.95067687145189,90.17250507367864,38.50214450676345,98.14871403106697,7.113513513513514,2539.0,2784.0,93.71408045977012,85.04347826086956,99.81640146878826,98.23994252873564,0.0,0.0,0.0,0.0,2.414015531539917
3,91.38973910508672,91.98702370321807,94.32737557085564,89.75999294096884,37.62784559551303,97.80748663101603,6.613513513513514,2504.0,2784.0,92.95977011494253,84.03292181069959,99.87253027405991,97.91666666666666,0.0,0.0,0.0,0.0,2.7341787815093994
4,91.08973424670846,91.52671579385063,96.06022402172331,87.40183534809847,29.099307159353348,96.40183346065699,4.391891891891892,2449.0,2784.0,90.48132183908046,79.37007874015748,99.80184940554821,97.66522988505747,0.0,0.0,0.0,0.0,2.7621357440948486
5,90.93548073653015,91.31734785289635,96.6125895472785,86.5723991882114,26.938304190036295,95.77794754265344,3.718918918918919,2404.0,2784.0,88.72126436781609,75.23659305993691,100.0,97.12643678160919,0.0,0.0,0.0,0.0,3.1229631900787354
6,90.58567750085021,90.79814324552136,98.30338551708182,84.35762816553428,24.21643022104916,93.64145658263305,1.783783783783784,2428.0,2784.0,88.82902298850574,75.96899224806202,99.9330655957162,96.65948275862068,0.0,0.0,0.0,0.0,3.4185378551483154
7,90.89418452120682,91.16347049186125,97.88149535548862,85.30839142327716,25.635103926096996,94.51998981410746,2.262162162162162,2331.0,2784.0,85.77586206896551,71.80585296216988,99.92769342010122,94.97126436781609,0.0,0.0,0.0,0.0,3.113182306289673
8,90.45085750376525,90.62350920713672,98.64212275418008,83.81055325156622,23.95249092708677,93.0506748153807,1.4135135135135135,2218.0,2784.0,82.21982758620689,67.02269692923899,99.92223950233281,95.58189655172413,0.0,0.0,0.0,0.0,3.0476057529449463
9,90.09619588981198,90.20211001898537,99.06043811031935,82.79802347127857,23.95249092708677,91.88184364654953,0.9621621621621621,2214.0,2784.0,82.07614942528735,66.66666666666666,100.0,95.40229885057471,0.0,0.0,0.0,0.0,3.2035491466522217
10,90.041539134237,90.1325053254865,99.17105855557615,82.60390011470926,23.474100956779942,91.73160173160173,0.845945945945946,2113.0,2784.0,78.41235632183908,61.52368758002561,100.0,94.28879310344827,0.0,0.0,0.0,0.0,3.557152032852173
11,89.96259048729534,90.02847627781264,99.36607713616024,82.29506750198536,23.27614648630815,91.40565317035906,0.6432432432432433,2128.0,2784.0,79.95689655172413,63.83668178872327,100.0,95.00718390804597,0.0,0.0,0.0,0.0,4.366586446762085
12,89.5059029296021,89.51685311461088,99.46880224343418,81.37518750551487,23.06169580996371,90.37687802393684,0.5324324324324324,2108.0,2784.0,78.69971264367817,62.22929936305732,100.0,94.50431034482759,0.0,0.0,0.0,0.0,4.09736967086792
13,89.25205266482048,89.2328283750076,99.4980055897756,80.88767316685785,22.434839986803034,89.9108734402852,0.5,2072.0,2784.0,77.58620689655173,60.65573770491803,100.0,93.0316091954023,0.0,0.0,0.0,0.0,4.582425832748413
14,87.91599863965408,87.7180420961669,99.59353012081966,78.37289332039178,21.989442428241503,87.07664884135473,0.3918918918918919,2084.0,2784.0,78.125,62.43059839605182,100.0,93.10344827586206,0.0,0.0,0.0,0.0,4.578556060791016
15,88.28644998299568,88.14009543017364,99.58870609159626,79.05232506838436,21.972946222368854,87.86350903997963,0.4,1877.0,2784.0,71.91091954022988,55.85076314301865,99.90147783251231,91.3074712643678,0.0,0.0,0.0,0.0,4.2118823528289795
16,87.71923431958413,87.48406263539023,99.67280625052886,77.95155739874701,21.79148795776971,86.62083015024191,0.31351351351351353,1902.0,2784.0,68.71408045977012,49.91374353076481,100.0,83.83620689655173,263.0,247.0,16.0,0.0,4.7384562492370605
17,86.85444298693096,86.48088237131044,99.6889848812095,76.36327539045266,21.709006928406467,84.80010185892539,0.29189189189189185,1858.0,2784.0,63.03879310344828,45.20766773162939,100.0,76.6882183908046,513.0,474.0,39.0,0.0,5.057115793228149
18,86.55443812855269,86.12573319296135,99.71848154167634,75.79414100414718,21.41207522269878,84.18894830659536,0.26216216216216215,1809.0,2784.0,62.89511494252874,44.372644049542274,100.0,75.28735632183908,489.0,451.0,38.0,0.0,5.469934940338135
19,86.34674245736772,85.87618892057948,99.7577137519339,75.38604076590488,21.362586605080832,83.72549019607844,0.2243243243243243,1870.0,2784.0,63.93678160919541,45.016429353778754,100.0,76.54454022988506,469.0,439.0,30.0,0.0,5.111242771148682
20,85.3216246416946,84.65611152727874,99.72778126776153,73.54186887849643,21.197624546354337,81.62210338680926,0.24594594594594593,1863.0,2784.0,63.110632183908045,44.69574582660204,100.0,76.1853448275862,499.0,452.0,47.0,0.0,5.492928504943848
21,85.23660302191128,84.55193625052425,99.73913825672393,73.3786287831995,21.18112834048169,81.43621084797556,0.23513513513513515,1897.0,2784.0,63.18247126436781,45.53666312433581,100.0,73.41954022988506,510.0,479.0,31.0,0.0,5.3718836307525635
22,83.7803041344799,82.76280462618753,99.7479775980087,70.72046236654019,20.93368525239195,78.40590781767253,0.21891891891891893,1918.0,2784.0,63.50574712643679,44.2371020856202,100.0,74.17385057471265,500.0,471.0,29.0,0.0,5.61585545539856
23,84.61958898119808,83.79841093156259,99.75934444207513,72.24036001058855,20.9501814582646,80.15788133435193,0.2135135135135135,1879.0,2784.0,62.39224137931034,43.86058981233244,100.0,73.3117816091954,469.0,441.0,28.0,0.0,6.519976377487183
24,84.5989408735364,83.76648316476764,99.80779791323448,72.16756375187505,20.884196634774003,80.08403361344538,0.17027027027027025,1853.0,2784.0,62.03304597701149,43.20257925846319,100.0,73.5632183908046,489.0,457.0,32.0,0.0,5.94413948059082
25,84.27585871835981,83.37656334266417,99.75419406378664,71.61828289067326,20.9501814582646,79.43977591036415,0.21621621621621623,1807.0,2784.0,61.7816091954023,41.602634467618,100.0,73.49137931034483,497.0,461.0,36.0,0.0,6.398290395736694
26,83.45114900646165,82.34440398595328,99.79270705738246,70.08956145768992,20.752226987792806,77.7056277056277,0.17837837837837836,1799.0,2784.0,62.39224137931034,44.80759093305219,100.0,73.3117816091954,505.0,468.0,37.0,0.0,6.904565334320068
27,81.86488850021863,80.31172119150283,99.82953614161613,67.17771110915027,20.603761134938964,74.36720142602495,0.14054054054054055,1775.0,2784.0,61.27873563218391,41.918103448275865,100.0,71.33620689655173,512.0,475.0,37.0,0.0,7.212526798248291
28,82.72603604916678,81.421293272371,99.82702287142034,68.74613959234095,20.735730781920157,76.15737203972498,0.14594594594594593,1819.0,2784.0,62.75143678160919,45.64989517819706,100.0,71.12068965517241,508.0,468.0,40.0,0.0,7.519627094268799
29,81.98391876791527,80.4667026614167,99.8268256820781,67.39609988529074,20.669745958429562,74.60911637382226,0.14324324324324325,1868.0,2784.0,62.60775862068966,43.516006511123166,100.0,72.66522988505747,482.0,448.0,34.0,0.0,7.666040658950806
30,81.0231744643638,79.20515345915298,99.84229246359305,65.63795993999824,20.488287693830422,72.60758848994143,0.12702702702702703,1786.0,2784.0,59.73419540229885,41.76623376623377,100.0,69.86350574712644,531.0,490.0,41.0,0.0,6.79652214050293
31,80.56162852839722,78.58996655518395,99.84703242912502,64.79528809670873,20.422302870339823,71.64502164502164,0.12162162162162161,1571.0,2784.0,54.77729885057471,38.37493881546745,100.0,68.24712643678161,524.0,502.0,22.0,0.0,7.272588729858398
32,80.47053393577224,78.46629792818975,99.85683607730851,64.62322421247684,20.29033322335863,71.46676852559204,0.1135135135135135,1672.0,2784.0,58.26149425287356,41.987019470793804,100.0,68.85775862068965,524.0,497.0,27.0,0.0,6.9392783641815186
33,80.33207015498228,78.2798814266361,99.85968994900928,64.3695402805965,20.356318046849225,71.16373822256176,0.11081081081081082,1703.0,2784.0,57.650862068965516,40.30379746835443,100.0,68.78591954022988,530.0,492.0,38.0,0.0,7.170215129852295
34,80.44502744983724,78.43210802700675,99.8567335243553,64.57689932056824,20.24084460574068,71.4209320091673,0.1135135135135135,1786.0,2784.0,59.15948275862068,41.42194744976816,100.0,67.99568965517241,479.0,457.0,22.0,0.0,7.802379369735718
35,80.26769664286061,78.19445935788683,99.85259838201014,64.25703697167565,20.339821840976573,71.03641456582633,0.11621621621621622,1593.0,2784.0,54.05890804597702,37.548828125,100.0,67.27729885057471,545.0,512.0,33.0,0.0,7.640939712524414
36,79.34703396006412,76.9406021155411,99.85919459307237,62.57831112679785,20.323325635103924,69.10109498344792,0.10810810810810811,1632.0,2784.0,56.070402298850574,39.09362549800797,100.0,67.5646551724138,529.0,497.0,32.0,0.0,8.11307978630066
37,79.23286207064082,76.78290152626147,99.86224922294433,62.368746139592346,20.339821840976573,68.85663356251591,0.1054054054054054,1479.0,2784.0,52.1551724137931,37.582005623242736,100.0,66.16379310344827,498.0,475.0,23.0,0.0,7.6319849491119385
38,78.96079288733421,76.40375970576216,99.87890875418476,61.86358422306538,20.158363576377432,68.30150241914947,0.0918918918918919,1507.0,2784.0,54.418103448275865,38.45780795344326,100.0,66.66666666666666,518.0,489.0,29.0,0.0,8.535314798355103
39,79.45027449837244,77.08228919742635,99.85961464219282,62.76581664166593,20.17485978225008,69.34046345811052,0.10810810810810811,1572.0,2784.0,55.89080459770115,40.56147144240077,100.0,69.07327586206897,459.0,435.0,24.0,0.0,8.680997133255005
40,78.7215177573726,76.07118954284076,99.87805315447797,61.42901261801818,20.042890135268888,67.81767252355488,0.0918918918918919,1590.0,2784.0,55.24425287356321,38.83161512027492,100.0,67.5646551724138,492.0,466.0,26.0,0.0,8.307275533676147
41,78.55511830151094,75.83819142239375,99.88104678826329,61.12459189976176,19.99340151765094,67.47389865036924,0.08918918918918918,1488.0,2784.0,52.69396551724138,38.88631090487239,100.0,66.95402298850574,497.0,467.0,30.0,0.0,8.3557448387146
42,78.71423018996259,76.061032414933,99.8780269058296,61.41577693461573,19.94391290003299,67.81767252355488,0.0918918918918919,1576.0,2784.0,53.879310344827594,38.74045801526718,100.0,67.38505747126436,476.0,457.0,19.0,0.0,8.67104959487915
43,78.59762911140261,75.89829163874109,99.87760538536304,61.20400600017648,19.910920488287694,67.57830404889228,0.0918918918918919,1608.0,2784.0,54.77729885057471,39.35452793834296,100.0,67.52873563218391,489.0,471.0,18.0,0.0,9.291403770446777
44,78.37292911626099,75.58212885000411,99.88401594780719,60.7914938674667,19.7789508413065,67.12248535777947,0.08648648648648649,1543.0,2784.0,52.945402298850574,38.23668081093824,100.0,67.0617816091954,530.0,508.0,22.0,0.0,9.098082542419434
45,78.20652966039935,75.34726515807263,99.88707150923463,60.48707314921027,19.877928076542396,66.75579322638147,0.08378378378378379,1410.0,2784.0,50.143678160919535,36.85168334849864,100.0,67.16954022988506,511.0,493.0,18.0,0.0,9.360121011734009
46,78.24904047029102,75.4085303891681,99.87995634776283,60.56869319685874,20.00989772352359,66.829640947288,0.08918918918918918,1295.0,2784.0,49.173850574712645,35.62329390354868,100.0,64.65517241379311,510.0,494.0,16.0,0.0,9.409420728683472
47,77.99397561094106,75.04682679594535,99.88634697169672,60.10103238330539,19.910920488287694,66.30506748153807,0.08378378378378379,1390.0,2784.0,49.10201149425287,36.627906976744185,100.0,65.44540229885058,536.0,513.0,23.0,0.0,8.785719156265259
48,78.33527668464266,75.52854340161068,99.8875058968683,60.720903555986936,19.8449356647971,67.03081232492997,0.08378378378378379,1304.0,2784.0,49.56896551724138,37.0685791125056,100.0,67.38505747126436,459.0,446.0,13.0,0.0,9.557194948196411
49,78.11786425691103,75.22279678732534,99.88312636961285,60.328244948380835,19.828439458924446,66.58008658008659,0.08648648648648649,1322.0,2784.0,51.86781609195402,39.55796120884077,100.0,66.52298850574712,470.0,455.0,15.0,0.0,9.731982231140137
50,77.8700869649711,74.87104515488373,99.88592036505483,59.876025765463694,19.7129660178159,66.07588489941432,0.08378378378378379,1325.0,2784.0,49.353448275862064,36.285585178490734,100.0,65.48132183908046,496.0,476.0,20.0,0.0,10.36767292022705
51,78.25997182140601,75.4239266246516,99.87999563620495,60.58854672196241,19.76245463543385,66.890756302521,0.08918918918918918,1347.0,2784.0,48.52729885057471,36.16926503340757,100.0,64.72701149425288,520.0,499.0,21.0,0.0,10.32488203048706
