zero_day,seed,gate,final_acc,final_f1,final_zd_recall,final_fpr,min_acc,init_acc,init_zd_recall,label_precision,added_pct,zd_poisoned_pct,zd_as_attack_pct,zd_rejected_pct
Exploits,0,pseudofilter,76.99922265947626,73.59997769444173,26.275601868487243,0.0054054054054054,76.95671184958461,87.31963270660253,93.48724398131512,67.53495247568523,100.0,68.19615891199804,31.80384108800196,0.0
Exploits,0,none,87.89656512656076,89.49316238415065,91.63672296083362,19.113513513513517,86.93460622844094,87.31963270660253,93.48724398131512,92.3380857648099,100.0,7.657671455263883,92.34232854473612,0.0
Exploits,1,pseudofilter,76.70286158480299,73.17079993845552,25.709665828242905,0.0135135135135135,76.70286158480299,86.8629451489093,90.00179662234999,67.77948165340406,100.0,66.9908256880734,33.00917431192661,0.0
Fuzzers,0,conf_drop,91.12131370548512,92.05538408033736,55.80666446717255,11.7,90.87596560268184,91.34722829519508,52.771362586605086,94.47108372228705,77.25940951093081,33.09400942337896,8.368857976217187,58.53713260040386
Fuzzers,2,xai,91.10795316523344,91.91344592579502,47.04717914879578,9.716216216216218,91.0326483019968,91.12617208375843,46.91520950181458,93.36513443191674,76.33395312147847,33.40797133900582,19.78280340349306,46.80922525750112
Fuzzers,1,xai,91.8112034202983,92.4794752810994,46.27185747278126,7.737837837837838,90.86746344070347,91.80877423116164,48.97723523589575,92.27085493059825,76.7713263466306,39.86964827508709,16.619844926396226,43.51050679851669
Fuzzers,2,pseudofilter,75.64373512121654,71.60476345562935,19.613988782580005,0.0135135135135135,74.45950541709178,91.12617208375843,46.91520950181458,67.8646889790399,100.0,93.34415584415585,6.6558441558441555,0.0
Fuzzers,1,none,91.64116018073167,92.292529958562,43.46750247443088,7.443243243243243,91.35451586260508,91.80877423116164,48.97723523589575,88.84381338742394,100.0,74.60388807731206,25.396111922687943,0.0
Fuzzers,0,pseudofilter,78.25997182140601,75.4239266246516,19.76245463543385,0.0891891891891891,77.8700869649711,91.34722829519508,52.771362586605086,65.21720757268425,100.0,94.35719093560691,5.64280906439309,0.0
Exploits,1,xai,86.9406792012826,88.54415274463007,88.68127919511318,18.843243243243244,86.51314191322936,86.8629451489093,90.00179662234999,93.77675017870223,78.27489500442087,6.4495412844036695,72.14067278287462,21.40978593272171
Fuzzers,2,conf_xai,90.83588398192684,91.70523631006697,48.234905971626524,10.597297297297295,90.8273818199485,91.12617208375843,46.91520950181458,96.8382068431817,63.70788257831868,15.634796238244514,7.198835647111509,77.16636811464397
Exploits,1,none,87.28440946412087,88.70109546165884,87.0194035213798,16.83783783783784,86.68804353106933,86.8629451489093,90.00179662234999,91.20662024756852,100.0,11.574923547400612,88.42507645259938,0.0
Exploits,2,none,88.360540251664,89.80173890834017,91.63672296083362,17.41351351351351,87.8941359374241,87.8941359374241,93.88250089831118,92.20545977011494,100.0,7.389614760870231,92.61038523912977,0.0
Fuzzers,2,conf_drop,90.8091629014235,91.68434124201896,48.680303530188056,10.675675675675675,90.56017101491524,91.12617208375843,46.91520950181458,94.64047996790488,77.24391480730223,32.10927004030452,8.083296014330497,59.80743394536498
Exploits,0,conf_drop,87.0208424427926,88.94498355093005,92.44520301832554,22.54594594594595,86.49127921099937,87.31963270660253,93.48724398131512,99.88658526244382,65.16909814323607,0.11639660612001103,37.32961681012038,62.55398658375961
Fuzzers,0,none,91.36423261915174,92.10876803551608,46.832728472451336,8.845945945945946,91.17718505562844,91.34722829519508,52.771362586605086,88.99735181428893,100.0,73.70428539376262,26.29571460623738,0.0
Fuzzers,1,conf_drop,91.2014769469951,91.99274881726134,46.84922467832399,9.524324324324324,91.02050235631346,91.80877423116164,48.97723523589575,94.30668679545475,77.91089136804148,34.30722553095853,8.220024721878863,57.4727497471626
Exploits,2,conf_drop,87.80425593936744,89.58240390102195,92.8494430470715,21.3,87.10100568430258,87.8941359374241,93.88250089831118,99.86163736216953,64.90108311229001,0.10709586609956856,36.740001835929135,63.152902297971295
Fuzzers,0,xai,91.41281640188504,92.18991648623567,49.455625206202576,9.364864864864863,91.17354127192344,91.34722829519508,52.771362586605086,91.25115898063714,78.24050597250394,45.71460623737941,19.890060578864706,34.39533318375589
Exploits,0,xai,86.96618568721762,88.97246971051577,93.70283866331296,23.483783783783785,86.65646407229268,87.31963270660253,93.48724398131512,95.59125115521718,78.48074160035367,2.7598247924771035,75.8385150243514,21.4016601831715
Exploits,2,xai,87.60020405188747,89.43681645576169,93.6399568810636,21.88108108108108,87.19452946606422,87.8941359374241,93.88250089831118,95.70204397618772,77.62696175950487,2.2031149597625532,74.48976469508277,23.307120345154676
Exploits,1,conf_xai,86.44876840110771,88.20276400241085,87.34279554437657,20.35945945945946,86.2945148909294,86.8629451489093,90.00179662234999,99.92900248491303,50.5926724137931,0.03058103975535168,26.217125382262996,73.75229357798165
Fuzzers,1,conf_xai,91.52698829130836,92.19582046807176,42.34576047509073,7.702702702702703,91.1650391099451,91.80877423116164,48.97723523589575,96.29238348364711,63.333192472391254,18.170580964153277,6.820991122598045,75.00842791324868
Exploits,2,pseudofilter,76.4611572657047,72.83507611224805,24.838303988501615,0.0783783783783783,76.44536753631638,87.8941359374241,93.88250089831118,63.12790119363395,100.0,79.89351611027814,20.106483889721858,0.0
Fuzzers,1,pseudofilter,76.62148374872467,73.05182986587518,18.6407126360937,0.0135135135135135,76.57289996599135,91.80877423116164,48.97723523589575,66.31310570205093,100.0,94.33644229688728,5.663557703112709,0.0
Exploits,2,conf_xai,87.90263809940242,89.67897038403349,93.33453108156664,21.34864864864865,87.23704027595589,87.8941359374241,93.88250089831118,99.90029542097489,56.11737400530504,0.07649704721397754,33.796395459135276,66.12710749365074
Exploits,1,conf_drop,86.32487975513774,88.32066057406044,90.58569888609416,22.967567567567567,85.61434193266287,86.8629451489093,90.00179662234999,99.92670202216186,64.08322281167109,0.05198776758409786,36.464831804281346,63.48318042813456
Fuzzers,2,none,90.93790992566682,91.6675042717861,41.98284394589245,8.564864864864864,90.63061749987854,91.12617208375843,46.91520950181458,88.63393058372775,100.0,75.43663233318405,24.563367666815942,0.0
Fuzzers,0,conf_xai,91.08609046300344,91.93312595491167,49.373144176839325,10.34054054054054,90.79458776660351,91.34722829519508,52.771362586605086,95.20837345234993,62.175315528510254,23.036796051155484,6.865604666816244,70.09759928202827
Exploits,0,conf_xai,86.74391488121265,88.77299098876682,92.63384836507366,23.5972972972973,86.44876840110771,87.31963270660253,93.48724398131512,99.9118478886345,56.41923629531388,0.04288296014947775,33.859160106594786,66.09795693325573
